[
  {
    "id": 0,
    "vector": [],
    "payload": {
      "name": "PromoTestimonials",
      "description": "[Promo component] designed for [displaying customer testimonials]. [Includes a header with a gradient accent, a subtitle, a description, and a grid layout for testimonials. Each testimonial card features an avatar, name, username, and a comment text]. [Responsive grid supporting 1-4 columns based on screen size]. [Customizable gradients, corner rounding, and spacing]. [Ideal for building trust and showcasing social proof].",
      "tags": [],
      "category": "promo",
      "path": "src\\blocks\\promo\\PromoTestimonials.tsx",
      "imports": [
        "import { Avatar, AvatarFallback, AvatarImage } from \"@/components/ui/avatar\";",
        "import {\r\n  Card,\r\n  CardContent,\r\n  CardDescription,\r\n  CardHeader,\r\n  CardTitle,\r\n} from \"@/components/ui/card\";"
      ],
      "export": "export const PromoTestimonials = (props: PromoTestimonialsProps) => {const {title, promotitle, subtitle, description, testimonials} = {...content, ...props}; return ( <section className=\"container mx-auto px-4 md:px-6 lg:px-8 py-8 lg:py-16\"> <header className=\"text-center space-y-4\"> <h2 className=\"text-3xl md:text-4xl lg:text-5xl font-bold\"> {title}{\" \"} <span className=\"bg-gradient-to-b from-sky-500 to-sky-700 text-transparent bg-clip-text\"> {promotitle} </span> </h2> <h3 className=\"text-muted-foreground text-2xl md:text-3xl lg:text-4xl font-bold py-8\"> {subtitle} </h3> <p className=\"text-lg text-muted-foreground\"> {description} </p> </header> <div className=\"grid md:grid-cols-2 lg:grid-cols-4 sm:block columns-2 lg:columns-3 lg:gap-6 mx-auto space-y-4 lg:space-y-6 mt-16\"> {testimonials?.map( ({image, name, userName, comment}) => ( <div key={name} className=\"relative p-[1px] bg-gradient-to-br from-sky-600 to-sky-300 dark:to-slate-600 rounded-2xl\" > <Card className=\"bg-secondary h-full relativemax-w-md md:break-inside-avoid rounded-2xl\" > <CardHeader className=\"flex flex-row items-center gap-4 pb-2\"> <Avatar> <AvatarImage alt=\"\" src={image} /> <AvatarFallback>OM</AvatarFallback> </Avatar> <div className=\"flex flex-col\"> <CardTitle className=\"text-lg\">{name}</CardTitle> <CardDescription>{userName}</CardDescription> </div> </CardHeader> <CardContent>{comment}</CardContent> </Card> </div> ) )} </div> </section> );};"
    }
  },
  {
    "id": 1,
    "vector": [],
    "payload": {
      "name": "PromoTeamSection",
      "description": "[Promo component] designed for [team presentation]. [Features a header with a gradient accent, a description, and a grid of team member cards. Each card includes a photo, name, position, slogan, and social media links]. [Responsive grid supporting 1-4 columns]. [Customizable gradients and social media icons]. [Perfect for showcasing a company or project team].",
      "tags": [],
      "category": "promo",
      "path": "src\\blocks\\promo\\PromoTeamSection.tsx",
      "imports": [
        "import { buttonVariants } from \"@/components/ui/button\";",
        "import {\r\n  Card,\r\n  CardContent,\r\n  CardDescription,\r\n  CardFooter,\r\n  CardHeader,\r\n  CardTitle,\r\n} from \"@/components/ui/card\";",
        "import { Facebook, Instagram, Linkedin } from \"lucide-react\";"
      ],
      "export": "export const PromoTeamSection = (props: PromoTeamSectionProps) => {const {title, promotitle, description, teamList} = {...content, ...props}; const socialIcon = (iconName: string) => {switch (iconName) {case \"Linkedin\": return <Linkedin size=\"20\" />; case \"Facebook\": return <Facebook size=\"20\" />; case \"Instagram\": return <Instagram size=\"20\" />;}}; return ( <section className=\"container mx-auto px-4 md:px-6 lg:px-8 py-16 lg:py-32\"> <header className=\"text-center space-y-4\"> <h2 className=\"text-3xl md:text-4xl lg:text-5xl font-bold\"> {title}{\" \"} <span className=\"bg-gradient-to-b from-sky-500 to-sky-700 text-transparent bg-clip-text\"> {promotitle} </span> </h2> <p className=\"text-lg text-muted-foreground max-w-2xl mx-auto\"> {description} </p> </header> <div className=\"grid md:grid-cols-2 lg:grid-cols-4 gap-8 mt-24\"> {teamList?.map(({imageUrl, name, position, slogan, socialNetworks}) => ( <div key={name} className=\"relative p-[1px] bg-gradient-to-br from-sky-600 to-sky-300 dark:to-slate-600 rounded-2xl\" > <Card className=\"bg-secondary h-full relative flex flex-col justify-center items-center rounded-2xl\" > <CardHeader className=\"mt-8 flex justify-center items-center pb-2\"> <img src={imageUrl} alt={`${name} - ${position}`} className=\"absolute -top-12 rounded-full w-24 h-24 aspect-square object-cover\" /> <CardTitle className=\"text-center text-xl font-semibold\"> {name} </CardTitle> <CardDescription className=\"text-sm\"> {position} </CardDescription> </CardHeader> <CardContent className=\"text-center pb-2\"> <p>{slogan}</p> </CardContent> <CardFooter> {socialNetworks.map(({name, url}) => ( <a key={name} href={url} rel=\"noreferrer noopener\" target=\"_blank\" className={buttonVariants({variant: \"ghost\", size: \"sm\"})} > <span className=\"sr-only\">{name} icon</span> {socialIcon(name)} </a> ))} </CardFooter> </Card> </div> ))} </div> </section> );};"
    }
  },
  {
    "id": 2,
    "vector": [],
    "payload": {
      "name": "PromoServiceLottie",
      "description": "[Promo component] designed for [service showcasing]. [Includes a branded header, a Lottie animation, and a list of services represented as cards. Each card contains an icon, a title, and a description]. [Responsive two-column structure]. [Customizable Lottie animations and icons]. [Suitable for highlighting core services or features].",
      "tags": [],
      "category": "promo",
      "path": "src\\blocks\\promo\\PromoServiceLottie.tsx",
      "imports": [
        "import { ChartPie, WalletIcon, Magnet } from \"lucide-react\";",
        "import { Card, CardHeader, CardTitle, CardDescription } from \"@/components/ui/card\";"
      ],
      "export": "export const PromoServiceLottie = (props: PromoServiceLottieProps) => {const {title, brand, serviceList} = {...content, ...props}; return ( <section className=\"w-full py-8 lg:py-16\"> <div className=\"container mx-auto px-4 md:px-6 lg:px-8 grid lg:grid-cols-[1fr,1fr] gap-12 place-items-center\"> <div> <h2 className=\"text-3xl md:text-4xl lg:text-5xl font-bold\"> <span className=\"bg-gradient-to-b from-sky-500 to-sky-700 text-transparent bg-clip-text\"> {title} </span> {brand} </h2> <p className=\"md:text-lg text-muted-foreground mt-4 mb-8\"> Discover how Buildy/UI can transform your design process with tools tailored for efficiency and collaboration. </p> <div className=\"flex flex-col gap-6\"> {serviceList?.map(({icon, title, description}) => ( <Card key={title} className=\"flex flex-col relative p-[1px] bg-gradient-to-br from-sky-600 to-sky-300 dark:to-slate-600 rounded-2xl\"> <div className=\"bg-secondary rounded-2xl\"> <CardHeader className=\"space-y-1 flex md:flex-row justify-start items-start gap-4\"> <div className=\"bg-gradient-to-b from-sky-500 to-sky-700 p-3 rounded-full\">{icon}</div> <div> <CardTitle className=\"font-bold\"> {title} </CardTitle> <CardDescription className=\"text-sm mt-2\"> {description} </CardDescription> </div> </CardHeader> </div> </Card> ))} </div> </div> <div className=\"w-full max-w-md lg:max-w-lg\"> <Lottie animationData={animationData} loop={true} /> </div> </div> </section> );};"
    }
  },
  {
    "id": 3,
    "vector": [],
    "payload": {
      "name": "PromoHowItWorks",
      "description": "[Promo component] designed for [explaining workflows or processes]. [Features a header with a gradient accent, a description, and a grid layout for steps or features. Each step is represented by a card with an icon, a title, and a description]. [Responsive grid supporting 1-4 columns]. [Customizable icons and gradient styles]. [Useful for step-by-step explanations or presenting methodologies]",
      "tags": [],
      "category": "promo",
      "path": "src\\blocks\\promo\\PromoHowItWorks.tsx",
      "imports": [
        "import { Card, CardContent, CardHeader, CardTitle } from \"@/components/ui/card\";",
        "import { HandHeart, Handshake, HeartHandshake, HandCoins } from \"lucide-react\";"
      ],
      "export": "export const PromoHowItWorks = (props: PromoHowItWorksProps) => {const {title, promotitle, description, features} = {...content, ...props}; return ( <section className=\"w-full py-16 lg:py-32\"> <div className=\"container mx-auto px-4 md:px-6 lg:px-8 text-center\"> <header className=\"space-y-4\"> <h2 className=\"text-3xl md:text-4xl lg:text-5xl font-bold\"> {title}{\" \"} <span className=\"bg-gradient-to-b from-sky-500 to-sky-700 text-transparent bg-clip-text\"> {promotitle} </span> </h2> <p className=\"text-lg text-muted-foreground max-w-2xl mx-auto\"> {description} </p> </header> <div className=\"grid grid-cols-1 md:grid-cols-2 lg:grid-cols-4 gap-8 mt-8\"> {features?.map(({id, icon, title, description}) => ( <Card key={id} className=\"relative p-[1px] bg-gradient-to-br from-sky-600 to-sky-300 dark:to-slate-600 rounded-2xl\"> <div className=\"bg-secondary rounded-2xl h-full\"> <CardHeader> <CardTitle className=\"grid gap-4 place-items-center\"> {icon} <span className=\"text-xl font-semibold\">{title}</span> </CardTitle> </CardHeader> <CardContent> <p className=\"text-sm text-muted-foreground text-center\"> {description} </p> </CardContent> </div> </Card> ))} </div> </div> </section> );};"
    }
  },
  {
    "id": 4,
    "vector": [],
    "payload": {
      "name": "PromoFeatureList",
      "description": "[Promo component] designed for [demonstrating product features]. [Consists of a header with a gradient accent, a description, a list of badges, and a grid of feature cards. Each card includes a title, a description, and an image]. [Responsive grid supporting 1-3 columns]. [Customizable badges and images]. [Perfect for showcasing key product features].",
      "tags": [],
      "category": "promo",
      "path": "src\\blocks\\promo\\PromoFeatureList.tsx",
      "imports": [
        "import { Badge } from \"@/components/ui/badge\";",
        "import {\r\n  Card,\r\n  CardContent,\r\n  CardFooter,\r\n  CardHeader,\r\n  CardTitle,\r\n} from \"@/components/ui/card\";"
      ],
      "export": "export const PromoFeatureList = (props: PromoFeatureListProps) => {const {promotitle, title, description, features, featureList} = {...content, ...props}; return ( <section className=\"container mx-auto px-4 md:px-6 lg:px-8 py-16 lg:py-32 space-y-8\"> <header className=\"flex flex-col items-center gap-4 text-center\"> <h2 className=\"text-3xl md:text-4xl lg:text-5xl font-bold\"> <span className=\"bg-gradient-to-b from-sky-500 to-sky-700 text-transparent bg-clip-text\"> {promotitle}{\" \"} </span> {title} </h2> <p className=\"text-lg text-muted-foreground max-w-2xl\"> {description} </p> </header> <div className=\"flex flex-wrap justify-center gap-4\"> {featureList?.map((feature) => ( <Badge key={feature} variant=\"secondary\" className=\"text-sm\"> {feature} </Badge> ))} </div> <div className=\"grid md:grid-cols-2 lg:grid-cols-3 gap-8\"> {features?.map(({title, description, image}) => ( <div key={title} className=\"relative p-[1px] bg-gradient-to-br from-sky-600 to-sky-300 dark:to-slate-600 rounded-2xl\" > <Card className=\"flex flex-col bg-secondary h-full rounded-2xl\"> <CardHeader> <CardTitle className=\"text-xl font-semibold\">{title}</CardTitle> </CardHeader> <CardContent> <p className=\"text-muted-foreground text-sm\">{description}</p> </CardContent> <CardFooter className=\"pt-4\"> <img src={image} alt={title} className=\"w-[150px] lg:w-[250px] mx-auto\" /> </CardFooter> </Card> </div> ))} </div> </section> );};"
    }
  },
  {
    "id": 5,
    "vector": [],
    "payload": {
      "name": "Statistics",
      "description": "[Promo component] designed for [displaying key statistics]. [Features a grid layout where each statistic is represented by a card containing a numeric quantity and a descriptive label]. [Responsive grid supporting 2-4 columns]. [Customizable quantity styles and descriptions]. [Ideal for showcasing business metrics or achievements].",
      "tags": [],
      "category": "promo",
      "path": "src\\blocks\\promo\\PromoAboutSection.tsx",
      "imports": [],
      "export": "export const Statistics = (props: {statistics: {quantity: string; description: string}[]}) => {const {statistics} = props; return ( <section id=\"statistics\"> <div className=\"grid grid-cols-2 lg:grid-cols-4 gap-8\"> {statistics?.map(({quantity, description}) => ( <div key={description} className=\"space-y-2 text-center\"> <h2 className=\"text-3xl sm:text-4xl font-bold\">{quantity}</h2> <p className=\"text-lg text-muted-foreground\">{description}</p> </div> ))} </div> </section> );};"
    }
  },
  {
    "id": 6,
    "vector": [],
    "payload": {
      "name": "NavbarMegaMenu",
      "description": "[Navigation component] designed for [providing a mega menu in the navbar]. [Includes sections for a brand logo, desktop navigation with expandable menus, and a mobile-friendly menu sheet. Also features a space for configurable action buttons]. [Sticky header with responsive layout]. [Customizable icons, labels, and actions]. [Ideal for complex navigation needs in web applications].",
      "tags": [],
      "category": "navbar",
      "path": "src\\blocks\\navbar\\NavbarMegaMenu.tsx",
      "imports": [
        "import { Menu, BookOpen, Layers, Github } from \"lucide-react\";",
        "import { Button } from \"@/components/ui/button\";",
        "import {\r\n  Sheet,\r\n  SheetContent,\r\n  SheetTrigger,\r\n  SheetTitle,\r\n  SheetDescription,\r\n} from \"@/components/ui/sheet\";",
        "import {\r\n  Accordion,\r\n  AccordionContent,\r\n  AccordionItem,\r\n  AccordionTrigger,\r\n} from \"@/components/ui/accordion\";",
        "import {\r\n  NavigationMenu,\r\n  NavigationMenuContent,\r\n  NavigationMenuItem,\r\n  NavigationMenuLink,\r\n  NavigationMenuList,\r\n  NavigationMenuTrigger,\r\n  navigationMenuTriggerStyle,\r\n} from \"@/components/ui/navigation-menu\";"
      ],
      "export": "export const NavbarMegaMenu = (props: NavbarProps) => {const {actions} = {...content, ...props,}; return ( <> <header className=\"sticky top-0 z-20 w-full border-b bg-background/95\"> <div className=\"container mx-auto px-4 flex h-14 items-center\"> <div className=\"mr-4 flex\"> <Brand /> </div> <DesktopNavigation /> <div className=\"flex flex-1 items-center justify-end space-x-2\"> <MobileNavigation /> {actions.map((action) => ( <Button key={action.id} variant=\"outline\" className=\"hidden md:flex\" asChild > <a href={action.path}> {action.icon} {action.label} </a> </Button> ))} </div> </div> </header> <HeroSection /> </> );};"
    }
  },
  {
    "id": 7,
    "vector": [],
    "payload": {
      "name": "NavbarLineMenu",
      "description": "[Navigation component] designed for [implementing a line menu in the navbar]. [Features a sticky header with a brand logo, inline navigation links, and optional action buttons. Includes a mobile-friendly menu sheet for smaller screens]. [Responsive layout with configurable navigation and actions]. [Customizable icons, labels, and styles]. [Suitable for streamlined navigation experiences].",
      "tags": [],
      "category": "navbar",
      "path": "src\\blocks\\navbar\\NavbarLineMenu.tsx",
      "imports": [
        "import { Menu, BookOpen, Layers, Github } from \"lucide-react\";",
        "import { Button } from \"@/components/ui/button\";",
        "import {\r\n  Sheet,\r\n  SheetContent,\r\n  SheetTrigger,\r\n  SheetTitle,\r\n  SheetDescription,\r\n} from \"@/components/ui/sheet\";"
      ],
      "export": "export const NavbarLineMenu = (props: NavbarProps) => {const {navigation, actions} = {...content, ...props,}; return ( <> <header className=\"sticky top-0 z-20 w-full border-b bg-background/95\"> <div className=\"container mx-auto px-4 flex h-14 items-center\"> <div className=\"mr-4 flex\"> <Brand /> </div> <nav className=\"hidden md:flex items-center space-x-4\"> {navigation.map((item) => ( <Button key={item.id} variant=\"ghost\" asChild> <a href={item.path}> {item.label} </a> </Button> ))} </nav> <div className=\"flex flex-1 items-center justify-end space-x-2\"> <MobileNavigation /> {actions.map((action) => ( <Button key={action.id} variant=\"outline\" className=\"hidden md:flex\" asChild > <a href={action.path}> {action.icon} {action.label} </a> </Button> ))} </div> </div> </header> <HeroSection /> </> );};"
    }
  },
  {
    "id": 8,
    "vector": [],
    "payload": {
      "name": "HeroSplitWithMedia",
      "description": "[Hero component] designed for [split layout with media content]. [Includes a title, description, buttons, and an adjacent media section for images or videos]. [Responsive two-column structure]. [Customizable media content, button styles, and spacing]. [Perfect for creating a striking first impression with balanced text and visuals].",
      "tags": [],
      "category": "hero",
      "path": "src\\blocks\\hero\\HeroSplitWithMedia.tsx",
      "imports": [
        "import { Button, type ButtonProps } from \"@/components/ui/button\";"
      ],
      "export": "export const HeroSplitWithMedia = (props: HeroSplitWithMediaProps) => {const {title, description, buttons, image} = {...content, ...props}; return ( <section className=\"w-full py-16 lg:py-32\"> <div className=\"container mx-auto px-4 md:px-6 lg:px-8\"> <div className=\"grid grid-cols-1 lg:grid-cols-2 gap-8 items-center\"> <div className=\"flex flex-col items-start space-y-4\"> <h2 className=\"text-3xl md:text-4xl lg:text-5xl font-bold\"> {title} </h2> <p className=\"text-lg\"> {description} </p> <div className=\"flex gap-4\"> {buttons?.map((button) => ( <Button key={button.id} variant={button.variant} size={button.size} className={button.className}> {button.text} </Button> ))} </div> </div> <div className=\"aspect-square rounded bg-muted\"> <img src={image.src} alt={image.alt} className={image.className} /> </div> </div> </div> </section> )};"
    }
  },
  {
    "id": 9,
    "vector": [],
    "payload": {
      "name": "HeroSplitWithGallery",
      "description": "[Hero component] designed for [split layout with a gallery]. [Features a badge, title, description, buttons, and a grid-based gallery for images]. [Responsive two-column layout with customizable grid items]. [Customizable badges, button styles, and gallery content]. [Ideal for showcasing products or visual content alongside text].",
      "tags": [],
      "category": "hero",
      "path": "src\\blocks\\hero\\HeroSplitWithGallery.tsx",
      "imports": [
        "import { BookOpen, Github } from \"lucide-react\";",
        "import { Badge, type BadgeProps } from \"@/components/ui/badge\";",
        "import { Button, type ButtonProps } from \"@/components/ui/button\";"
      ],
      "export": "export const HeroSplitWithGallery = (props: HeroSplitWithGalleryProps) => {const {badge, title, description, buttons, images} = {...content, ...props,}; return ( <section className=\"w-full py-16 lg:py-32\"> <div className=\"container mx-auto px-4 md:px-6 lg:px-8\"> <div className=\"grid grid-cols-1 md:grid-cols-2 items-center gap-8\"> <div className=\"flex gap-4 flex-col\"> {badge && <div className=\"flex justify-center\"> <Badge variant=\"outline\">{badge.text}</Badge> </div>} <div className=\"flex gap-4 flex-col\"> <h2 className=\"max-w-2xl text-3xl md:text-4xl lg:text-5xl font-bold\"> {title} </h2> <p className=\"text-base text-muted-foreground max-w-2xl\"> {description} </p> </div> <div className=\"flex flex-col md:flex-row gap-4\"> {buttons?.map((button) => ( <Button key={button.id} size={button.size} className={button.className} variant={button.variant}> {button.text} {button.icon} </Button> ))} </div> </div> <div className=\"grid grid-cols-2 gap-8\"> {images.grid.items?.map((image) => ( <div key={image.id} className={image.className}></div> ))} </div> </div> </div> </section> );};"
    }
  },
  {
    "id": 10,
    "vector": [],
    "payload": {
      "name": "HeroCenteredWithTopButton",
      "description": "[Hero component] designed for [centered content with a top button]. [Includes a badge button, a centrally aligned title and description, and a set of call-to-action buttons]. [Fully responsive and centered layout]. [Customizable badges, button styles, and text alignment]. [Perfect for focusing user attention on a single call-to-action].",
      "tags": [],
      "category": "hero",
      "path": "src\\blocks\\hero\\HeroCenteredWithTopButton.tsx",
      "imports": [
        "import { Info, Rocket, MoveRight } from \"lucide-react\";",
        "import { Button, type ButtonProps } from \"@/components/ui/button\";"
      ],
      "export": "export const HeroCenteredWithTopButton = (props: HeroCenteredWithTopButtonProps) => {const {badge, title, description, buttons} = {...content, ...props}; return ( <section className=\"w-full py-16 lg:py-32\"> <div className=\"container mx-auto px-4 md:px-6 lg:px-8\"> <div className=\"flex flex-col text-center gap-8 items-center\"> <div> <Button size=\"sm\" variant=\"outline\" className=\"rounded-full h-7\"> {badge?.text} <MoveRight /> </Button> </div> <div className=\"flex flex-col gap-4\"> <h2 className=\"max-w-2xl text-3xl md:text-4xl lg:text-5xl font-bold\"> {title} </h2> <p className=\"text-base text-muted-foreground max-w-2xl\"> {description} </p> </div> <div className=\"flex flex-col md:flex-row gap-8\"> {buttons?.map((button) => ( <Button key={button.id} className={button.className} variant={button.variant} size={button.size}> {button.text} {button.icon} </Button> ))} </div> </div> </div> </section> );};"
    }
  },
  {
    "id": 11,
    "vector": [],
    "payload": {
      "name": "HeroCenteredSection",
      "description": "Centered Hero section for landing pages. Vertically aligned content includes optional badge, large heading, description, and button group. Responsive layout with three breakpoints (mobile, tablet, desktop). Customizable via props: badge, title, description, buttons. Buttons support icons and styling variants. Perfect for main landing sections, promo areas, and marketing pages.",
      "tags": [],
      "category": "hero",
      "path": "src\\blocks\\hero\\HeroCenteredSection.tsx",
      "imports": [
        "import { Info, Rocket } from \"lucide-react\";",
        "import { Badge, type BadgeProps } from \"@/components/ui/badge\";",
        "import { Button, type ButtonProps } from \"@/components/ui/button\";"
      ],
      "export": "export const HeroCenteredSection = (props: HeroCenteredSectionProps) => {const {badge, title, description, buttons} = {...content, ...props}; return ( <> <section className=\"w-full py-16 lg:py-32\"> <div className=\"container mx-auto px-4 md:px-6 lg:px-8\"> <div className=\"flex flex-col text-center gap-8 items-center\"> {badge && <div className=\"flex justify-center\"> <Badge className=\"rounded-full\">{badge.text}</Badge> </div>} <div className=\"flex flex-col gap-4\"> <h2 className=\"max-w-2xl text-3xl md:text-4xl lg:text-6xl font-bold\"> {title} </h2> <p className=\"text-lg text-muted-foreground max-w-2xl\"> {description} </p> </div> <div className=\"flex flex-col md:flex-row gap-8\"> {buttons?.map((button) => ( <Button key={button.id} className={button.className} variant={button.variant} size={button.size} > {button.text} {button.icon} </Button> ))} </div> </div> </div> </section> </> );};"
    }
  },
  {
    "id": 12,
    "vector": [],
    "payload": {
      "name": "FooterSocialButtons",
      "description": "[Footer component] designed for [displaying social media buttons]. [Includes a brand logo, description, quick links, contact information, and social media buttons]. [Responsive layout with four columns]. [Customizable via props: brand, description, placeholder, quick links, contact, social media, legal]. [Perfect for footer sections with social media integration].",
      "tags": [],
      "category": "footer",
      "path": "src\\blocks\\footer\\FooterSocialButtons.tsx",
      "imports": [
        "import { Button } from \"@/components/ui/button\"",
        "import { Input } from \"@/components/ui/input\"",
        "import { Facebook, Instagram, Linkedin, Send, Twitter, Volleyball } from \"lucide-react\""
      ],
      "export": "export const FooterSocialButtons = (props: FooterSocialButtonsProps) => {const {brand, description, placeholder, quickLinks, contact, socialMedia, legal} = {...content, ...props}; return ( <footer className=\"w-full py-4 lg:py-8 bg-background text-foreground\"> <div className=\"container mx-auto px-4 md:px-6 lg:px-8\"> <div className=\"grid gap-12 md:grid-cols-2 lg:grid-cols-4\"> <div> <div className=\"mb-4 text-2xl font-bold\"> <Volleyball className=\"mr-1 h-8 w-8 inline-block\" /> {brand} </div> <p className=\"mb-6 text-muted-foreground\"> {description} </p> <div className=\"flex\"> <Input type=\"email\" placeholder={placeholder} className=\"flex-grow\" /> <Button type=\"submit\" variant=\"secondary\" size=\"icon\" className=\"ml-2\" > <Send className=\"h-4 w-4\" /> </Button> </div> </div> <div> <h3 className=\"mb-4 text-lg font-semibold\">Quick Links</h3> <nav className=\"space-y-2\"> {quickLinks?.map((link) => ( <a key={link.id} href={link.href} className=\"block hover:text-primary\" > {link.label} </a> ))} </nav> </div> <div> <h3 className=\"mb-4 text-lg font-semibold\">Contact Us</h3> <address className=\"not-italic space-y-2\"> <p>{contact.address}</p> <p>{contact.city}</p> <p>Phone: {contact.phone}</p> <p>Email: {contact.email}</p> </address> </div> <div> <h3 className=\"mb-4 text-lg font-semibold\">Follow Us</h3> <div className=\"flex space-x-2\"> {socialMedia?.map((social) => ( <Button key={social.id} variant=\"outline\" size=\"icon\" > {social.icon} <span className=\"sr-only\">{social.label}</span> </Button> ))} </div> </div> </div> <div className=\"mt-12 border-t pt-8 text-center\"> <div className=\"flex flex-col items-center justify-between md:flex-row\"> <p className=\"text-sm text-muted-foreground\"> © 2024 BuildY/UI. All rights reserved </p> <nav className=\"flex gap-4\"> {legal?.map((item) => ( <a key={item.id} href={item.href} className=\"hover:text-primary\" > {item.label} </a> ))} </nav> </div> </div> </div> </footer> )}"
    }
  },
  {
    "id": 13,
    "vector": [],
    "payload": {
      "name": "FooterFourColumns",
      "description": "[Footer component] designed for [displaying four columns of content]. [Includes a brand logo, description, copyright, quick links, and a menu with sub-sections]. [Responsive layout with four columns]. [Customizable via props: brand, description, copyright, links, menu]. [Perfect for footer sections with multiple content sections].",
      "tags": [],
      "category": "footer",
      "path": "src\\blocks\\footer\\FooterFourColumns.tsx",
      "imports": [
        "import { Volleyball } from \"lucide-react\";"
      ],
      "export": "export const FooterFourColumns = (props: FooterFourColumnsProps) => {const {brand, description, copyright, links, menu} = {...content, ...props}; return ( <footer className=\"w-full py-4 lg:py-8\"> <div className=\"container mx-auto px-4 md:px-6 lg:px-8\"> <div className=\"grid grid-cols-2 gap-8 lg:grid-cols-6\"> <div className=\"col-span-2\"> <div className=\"text-2xl font-bold mb-8 lg:mb-4\"> <Volleyball className=\"mr-1 h-8 w-8 inline-block\" /> {brand} </div> <p className=\"text-muted-foreground\">{description}</p> </div> {menu?.map((item, sectionIdx) => ( <div key={sectionIdx}> <h3 className=\"mb-4 font-bold\">{item.title}</h3> <ul className=\"space-y-4 text-muted-foreground\"> {item.links.map((link, linkIdx) => ( <li key={`${link.name}-${linkIdx}`} className=\"font-medium hover:text-primary\" > <a href={link.href}>{link.name}</a> </li> ))} </ul> </div> ))} </div> <div className=\"mt-24 flex flex-col justify-between gap-4 border-t pt-8 text-sm font-medium text-muted-foreground md:flex-row md:items-center\"> <p>{copyright}</p> <ul className=\"flex gap-4\"> {links?.map((item, Idx) => ( <li key={`${item.name}-${Idx}`} className=\"underline hover:text-primary\"> <a href={item.href}>{item.name}</a> </li> ))} </ul> </div> </div> </footer> );};"
    }
  },
  {
    "id": 14,
    "vector": [],
    "payload": {
      "name": "FeaturesThreeColumnsIcons",
      "description": "[Features component] designed for [displaying three columns with icons]. [Includes a title, description, and a list of features with icons]. [Responsive layout with three columns]. [Customizable via props: title, description, features]. [Perfect for showcasing features or benefits with icons].",
      "tags": [],
      "category": "features",
      "path": "src\\blocks\\features\\FeaturesThreeColumnsIcons.tsx",
      "imports": [
        "import {\r\n  BarChartHorizontal,\r\n  BatteryCharging,\r\n  CircleHelp,\r\n  Layers,\r\n  WandSparkles,\r\n  ZoomIn,\r\n} from 'lucide-react';"
      ],
      "export": "export const FeaturesThreeColumnsIcons = (props: FeaturesThreeColumnsIconsProps) => {const {title, description, features} = {...content, ...props}; return ( <section className=\"w-full py-16 lg:py-32\"> <div className=\"container mx-auto px-4 md:px-6 lg:px-8\"> <div className=\"mb-10 md:mb-20\"> <h2 className=\"text-3xl md:text-4xl lg:text-5xl font-bold mb-6\">{title}</h2> <p className=\"text-lg text-muted-foreground max-w-2xl text-left mb-12\">{description}</p> </div> <div className=\"grid gap-10 md:grid-cols-2 lg:grid-cols-3\"> {features?.map((feature, id) => ( <div key={`${feature.title}-${id}`} className=\"flex flex-col\"> <div className=\"mb-5 flex size-12 items-center justify-center rounded-full bg-accent\"> {feature.icon} </div> <h3 className=\"mb-2 text-xl font-semibold\">{feature.title}</h3> <p className=\"text-muted-foreground\">{feature.description}</p> </div> ))} </div> </div> </section> );};"
    }
  },
  {
    "id": 15,
    "vector": [],
    "payload": {
      "name": "FeaturesThreeColumns",
      "description": "[Features component] designed for [displaying three columns with icons]. [Includes a title, description, and a list of features with icons]. [Responsive layout with three columns]. [Customizable via props: title, description, features]. [Perfect for showcasing features or benefits with icons].",
      "tags": [],
      "category": "features",
      "path": "src\\blocks\\features\\FeaturesThreeColumns.tsx",
      "imports": [
        "import { Check } from \"lucide-react\";"
      ],
      "export": "export const FeaturesThreeColumns = (props: FeaturesThreeColumnsProps) => {const {title, description, features} = {...content, ...props}; return ( <section className=\"w-full py-16 lg:py-32\"> <div className=\"container mx-auto px-4 md:px-6 lg:px-8\"> <div className=\"flex gap-2 flex-col\"> <h2 className=\"text-3xl md:text-4xl lg:text-5xl font-bold mb-6\">{title}</h2> <p className=\"text-lg text-muted-foreground max-w-2xl text-left mb-12\">{description}</p> </div> <div className=\"flex gap-10 pt-12 flex-col w-full\"> <div className=\"grid grid-cols-2 items-start lg:grid-cols-3 gap-10\"> {features?.map((feature) => ( <div key={feature.id} className=\"flex flex-row gap-6 w-full items-start\"> <Check className=\"w-4 h-4 mt-2 text-primary\" /> <div className=\"flex flex-col gap-1\"> <p className=\"font-semibold\">{feature.title}</p> <p className=\"text-sm text-muted-foreground\"> {feature.description} </p> </div> </div> ))} </div> </div> </div> </section> );};"
    }
  },
  {
    "id": 16,
    "vector": [],
    "payload": {
      "name": "FeaturesSplitMedia",
      "description": "[Features component] designed for [displaying a split layout with media on the right]. [Includes a badge, title, description, and a list of features with icons]. [Responsive layout with a single column on mobile and a split layout on desktop]. [Customizable via props: badge, title, description, features]. [Perfect for showcasing features or benefits with media on the right].",
      "tags": [],
      "category": "features",
      "path": "src\\blocks\\features\\FeaturesSplitMedia.tsx",
      "imports": [
        "import { Check } from \"lucide-react\";",
        "import { Badge } from \"@/components/ui/badge\";"
      ],
      "export": "export const FeaturesSplitMedia = (props: FeaturesSplitMediaProps) => {const {badge, title, description, features} = {...content, ...props}; return ( <section className=\"w-full py-16 lg:py-32\"> <div className=\"container mx-auto px-4 md:px-6 lg:px-8\"> <div className=\"grid grid-cols-1 gap-8 items-center lg:grid-cols-2\"> <div className=\"flex gap-2 flex-col\"> <div className=\"flex gap-4 flex-col\"> <div> <Badge variant=\"outline\">{badge}</Badge> </div> <div className=\"flex gap-2 flex-col\"> <h2 className=\"max-w-2xl text-3xl md:text-4xl lg:text-5xl font-bold text-left\"> {title} </h2> <p className=\"text-lg text-muted-foreground max-w-2xl text-left\"> {description} </p> </div> </div> <div className=\"grid lg:pl-4 grid-cols-1 sm:grid-cols-3 items-start lg:grid-cols-1 gap-4\"> {features?.map((feature, index) => ( <div key={`${feature.title}-${index}`} className=\"flex flex-row gap-4 items-start\"> <Check className=\"w-4 h-4 mt-2 text-primary\" /> <div className=\"flex flex-col gap-2\"> <p>{feature.title}</p> <p className=\"text-muted-foreground text-sm\"> {feature.description} </p> </div> </div> ))} </div> </div> <div className=\"bg-muted rounded-md aspect-square\"></div> </div> </div> </section> );};"
    }
  },
  {
    "id": 17,
    "vector": [],
    "payload": {
      "name": "FeaturesSplitLeftMedia",
      "description": "[Features component] designed for [displaying a split layout with media on the left]. [Includes a badge, title, description, and a list of features with icons]. [Responsive layout with a single column on mobile and a split layout on desktop]. [Customizable via props: badge, title, description, features]. [Perfect for showcasing features or benefits with media on the left].",
      "tags": [],
      "category": "features",
      "path": "src\\blocks\\features\\FeaturesSplitLeftMedia.tsx",
      "imports": [
        "import { Check } from \"lucide-react\";",
        "import { Badge } from \"@/components/ui/badge\";"
      ],
      "export": "export const FeaturesSplitLeftMedia = (props: FeaturesSplitLeftMediaProps) => {const {badge, title, description, features} = {...content, ...props}; return ( <section className=\"w-full py-16 lg:py-32\"> <div className=\"container mx-auto px-4 md:px-6 lg:px-8\"> <div className=\"grid grid-cols-1 gap-8 items-center lg:grid-cols-2\"> <div className=\"bg-muted rounded-md aspect-square\"></div> <div className=\"flex gap-2 flex-col\"> <div className=\"flex gap-4 flex-col\"> <div> <Badge variant=\"outline\">{badge}</Badge> </div> <div className=\"flex gap-2 flex-col\"> <h2 className=\"max-w-2xl text-3xl md:text-4xl lg:text-5xl font-bold text-left\"> {title} </h2> <p className=\"text-lg text-muted-foreground max-w-2xl text-left\"> {description} </p> </div> </div> <div className=\"grid lg:pl-4 grid-cols-1 sm:grid-cols-3 items-start lg:grid-cols-1 gap-4\"> {features?.map((feature, index) => ( <div key={`${feature.title}-${index}`} className=\"flex flex-row gap-4 items-start\"> <Check className=\"w-4 h-4 mt-2 text-primary\" /> <div className=\"flex flex-col gap-2\"> <p>{feature.title}</p> <p className=\"text-muted-foreground text-sm\"> {feature.description} </p> </div> </div> ))} </div> </div> </div> </div> </section> );};"
    }
  },
  {
    "id": 18,
    "vector": [],
    "payload": {
      "name": "FeaturesSplitCarousel",
      "description": "[Features component] designed for [displaying a split layout with a carousel]. [Includes a badge, title, description, and a list of features with icons]. [Responsive layout with a single column on mobile and a split layout on desktop]. [Customizable via props: badge, title, description, features]. [Perfect for showcasing features or benefits with media on the left].",
      "tags": [],
      "category": "features",
      "path": "src\\blocks\\features\\FeaturesSplitCarousel.tsx",
      "imports": [
        "import { Badge } from \"@/components/ui/badge\";",
        "import {\r\n  Carousel,\r\n  CarouselContent,\r\n  CarouselItem,\r\n  CarouselNext,\r\n  CarouselPrevious,\r\n} from \"@/components/ui/carousel\";"
      ],
      "export": "export const FeaturesSplitCarousel = (props: FeaturesSplitCarouselProps) => {const {badge, title, description, carouselItems} = {...content, ...props}; return ( <section className=\"w-full py-16 lg:py-32\"> <div className=\"container mx-auto px-4 md:px-6 lg:px-8\"> <div className=\"grid grid-cols-1 lg:grid-cols-2 gap-10 items-end\"> <header className=\"flex flex-col gap-4 items-start\"> <Badge variant=\"outline\" className=\"rounded-full h-7\"> {badge} </Badge> <div className=\"flex flex-col gap-2\"> <h2 className=\"text-3xl md:text-4xl lg:text-6xl font-bold max-w-xl\"> {title} </h2> <p className=\"text-lg text-muted-foreground max-w-2xl\"> {description} </p> </div> </header> <div className=\"w-full max-w-full px-4 md:px-6 lg:px-8\"> <Carousel opts={{align: \"start\", loop: true,}} > <CarouselContent> {carouselItems?.map((item) => ( <CarouselItem key={item.id}> <div className=\"flex rounded aspect-video bg-muted items-center justify-center\"> <span className=\"text-sm\">{item.label}</span> </div> </CarouselItem> ))} </CarouselContent> <CarouselPrevious /> <CarouselNext /> </Carousel> </div> </div> </div> </section> );};"
    }
  },
  {
    "id": 19,
    "vector": [],
    "payload": {
      "name": "FeaturesGridMediaCards",
      "description": "[Features component] designed for [displaying a grid of media cards]. [Includes a badge, title, description, and a list of features with icons]. [Responsive layout with a single column on mobile and a split layout on desktop]. [Customizable via props: badge, title, description, features]. [Perfect for showcasing features or benefits with media on the left].",
      "tags": [],
      "category": "features",
      "path": "src\\blocks\\features\\FeaturesGridMediaCards.tsx",
      "imports": [
        "import { Badge } from \"@/components/ui/badge\";"
      ],
      "export": "export const FeaturesGridMediaCards = (props: FeaturesGridMediaCardsProps) => {const {badge, title, description, features} = {...content, ...props}; return ( <section className=\"w-full py-16 lg:py-32\"> <div className=\"container mx-auto px-4 md:px-6 lg:px-8\"> <div className=\"flex flex-col gap-10\"> <div className=\"flex gap-4 flex-col features-start\"> <div> <Badge>{badge}</Badge> </div> <div className=\"flex gap-2 flex-col\"> <h2 className={`text-3xl md:text-5xl tracking-tighter max-w-xl font-regular text-left`}> {title} </h2> <p className={`text-lg max-w-xl lg:max-w-lg leading-relaxed tracking-tight text-muted-foreground text-left`}> {description} </p> </div> </div> <div className=\"grid grid-cols-1 sm:grid-cols-2 lg:grid-cols-3 gap-8\"> {features?.map((feature) => ( <div key={feature.id} className=\"flex flex-col gap-2\"> <div className=\"bg-muted rounded-md aspect-video mb-2\"></div> <h3 className=\"text-xl tracking-tight\">{feature.title}</h3> <p className=\"text-muted-foreground text-base\">{feature.description}</p> </div> ))} </div> </div> </div> </section> );};"
    }
  },
  {
    "id": 20,
    "vector": [],
    "payload": {
      "name": "FAQContentSection",
      "description": "[FAQ component] designed for [displaying a FAQ section with accordion]. [Includes a badge, title, description, and a list of FAQ items with icons]. [Responsive layout with a single column on mobile and a split layout on desktop]. [Customizable via props: badge, title, description, FAQ items]. [Perfect for showcasing FAQ items with icons].",
      "tags": [],
      "category": "features",
      "path": "src\\blocks\\features\\FAQContentSection.tsx",
      "imports": [
        "import { Send } from \"lucide-react\";",
        "import { Badge } from \"@/components/ui/badge\";",
        "import {\r\n  Accordion,\r\n  AccordionContent,\r\n  AccordionItem,\r\n  AccordionTrigger,\r\n} from \"@/components/ui/accordion\";",
        "import { Button, type ButtonProps } from \"@/components/ui/button\";"
      ],
      "export": "export const FAQContentSection = (props: FAQContentSectionProps) => {const {badge, title, description, button, faqs} = {...content, ...props} return ( <section className=\"w-full py-16 lg:py-32\"> <div className=\"container mx-auto px-4 md:px-6 lg:px-8\"> <div className=\"grid lg:grid-cols-2 gap-10\"> <div className=\"flex flex-col gap-6\"> <header className=\"flex flex-col gap-4\"> <div> <Badge variant=\"outline\">{badge}</Badge> </div> <h4 className=\"text-3xl md:text-4xl lg:text-6xl font-bold max-w-xl\"> {title} </h4> <p className=\"text-lg text-muted-foreground max-w-2xl\"> {description} </p> </header> <Button variant={button.variant} className=\"gap-4 w-fit\"> {button.text} {button.icon} </Button> </div> <Accordion type=\"single\" collapsible className=\"w-full\"> {faqs.map(({id, question, answer}) => ( <AccordionItem key={id} value={id}> <AccordionTrigger className=\"font-bold text-muted-foreground\">{question}</AccordionTrigger> <AccordionContent>{answer}</AccordionContent> </AccordionItem> ))} </Accordion> </div> </div> </section> );};"
    }
  },
  {
    "id": 21,
    "vector": [],
    "payload": {
      "name": "NewsLetter",
      "description": "[Newsletter component] designed for [collecting user email subscriptions]. [Includes an input field for email, a button for submission, and customizable title and description]. [Responsive layout with a single-column structure for mobile and multi-column for larger screens]. [Customizable button styles and input field appearance]. [Ideal for engaging users and building an email list for updates and promotions].",
      "tags": [],
      "category": "cta",
      "path": "src\\blocks\\cta\\NewsLetterCopy.tsx",
      "imports": [
        "import { Button, type ButtonProps } from \"@/components/ui/button\";",
        "import { Input } from \"@/components/ui/input\";",
        "import { ArrowRight } from \"lucide-react\";"
      ],
      "export": "export const NewsLetter = (props: NewsLetterProps) => {const {title, description, button} = {...content, ...props} return ( <section className=\"w-full py-16 lg:py-32\"> <div className=\"container mx-auto px-4 md:px-6 lg:px-8\"> <h3 className=\"text-center text-4xl md:text-5xl font-bold\"> {title} </h3> <p className=\"text-xl text-muted-foreground text-center mt-4 mb-8\"> {description} </p> <form className=\"flex flex-col w-full md:flex-row md:w-6/12 lg:w-4/12 mx-auto gap-4 md:gap-2\" > <Input placeholder=\"yourmail@website.com\" className=\"bg-secondary dark:bg-muted/80\" aria-label=\"email\" /> <Button variant={button.variant}>{button.text} {button.icon}</Button> </form> </div> </section> );};"
    }
  },
  {
    "id": 22,
    "vector": [],
    "payload": {
      "name": "NewsLetter",
      "description": "[Newsletter component] designed for [email list building and subscriber acquisition]. [Features centered layout with large title (4xl to 5xl), descriptive text, and horizontal subscription form combining email input and submit button. Form width optimized for email addresses]. [Responsive layout with column-to-row form adaptation (md:flex-row) and controlled form width (md:w-6/12 lg:w-4/12)]. [Customizable input field styling, button variants, background colors, and dark mode support with muted backgrounds]. [Perfect for blog subscriptions, product updates, or any content-driven audience building].",
      "tags": [],
      "category": "cta",
      "path": "src\\blocks\\cta\\NewsLetter.tsx",
      "imports": [
        "import { Button, type ButtonProps } from \"@/components/ui/button\";",
        "import { Input } from \"@/components/ui/input\";",
        "import { ArrowRight } from \"lucide-react\";"
      ],
      "export": "export const NewsLetter = (props: NewsLetterProps) => {const {title, description, button} = {...content, ...props} return ( <section className=\"w-full py-16 lg:py-32\"> <div className=\"container mx-auto px-4 md:px-6 lg:px-8\"> <h3 className=\"text-center text-4xl md:text-5xl font-bold\"> {title} </h3> <p className=\"text-xl text-muted-foreground text-center mt-4 mb-8\"> {description} </p> <form className=\"flex flex-col w-full md:flex-row md:w-6/12 lg:w-4/12 mx-auto gap-4 md:gap-2\" > <Input placeholder=\"yourmail@website.com\" className=\"bg-secondary dark:bg-muted/80\" aria-label=\"email\" /> <Button variant={button.variant}>{button.text} {button.icon}</Button> </form> </div> </section> );};"
    }
  },
  {
    "id": 23,
    "vector": [],
    "payload": {
      "name": "CallToActionSection",
      "description": "[CTA component] designed for [driving user actions with split layout]. [Features two-column layout with left-aligned content (title 2xl to 4xl and description) and right-aligned button group. Content wrapped in accent background with enhanced rounded corners]. [Responsive layout switching from stacked on mobile to side-by-side on desktop with preserved visual hierarchy]. [Customizable background styles, button variants, spacing, and multiple button support with flexible arrangement]. [Ideal for product launches, feature announcements, or main conversion points requiring strong visual presence].",
      "tags": [],
      "category": "cta",
      "path": "src\\blocks\\cta\\CallToActionSection.tsx",
      "imports": [
        "import { Button, type ButtonProps } from \"@/components/ui/button\"",
        "import { ArrowRight } from \"lucide-react\""
      ],
      "export": "export const CallToActionSection = (props: CallToActionSectionProps) => {const {title, description, buttons} = {...content, ...props} return ( <section className=\"w-full py-16 lg:py-32\"> <div className=\"container mx-auto px-4 md:px-6 lg:px-8\"> <div className=\"grid w-full rounded-lg bg-accent p-8 md:rounded-xl lg:grid-cols-2 lg:items-center lg:p-16\"> <div className=\"space-y-4\"> <h2 className=\"text-2xl font-semibold md:text-4xl\"> {title} </h2> <p className=\"text-muted-foreground lg:text-lg\"> {description} </p> </div> <div className=\"mt-6 flex flex-col gap-4 sm:flex-row lg:justify-end\"> {buttons.map((button) => ( <Button key={button.id} variant={button.variant} className=\"w-full sm:w-auto\" > {button.text} {button.icon} </Button> ))} </div> </div> </div> </section> )}"
    }
  },
  {
    "id": 24,
    "vector": [],
    "payload": {
      "name": "CallToActionCenteredSection",
      "tags": [],
      "category": "cta",
      "path": "src\\blocks\\cta\\CallToActionCenteredSection.tsx",
      "imports": [
        "import { Button, type ButtonProps } from \"@/components/ui/button\"",
        "import { ArrowRight } from \"lucide-react\""
      ],
      "export": "export const CallToActionCenteredSection = (props: CallToActionCenteredSectionProps) => {const {title, description, buttons} = {...content, ...props} return ( <section className=\"w-full py-16 lg:py-32\"> <div className=\"container mx-auto px-4 md:px-6 lg:px-8\"> <div className=\"flex flex-col items-center text-center rounded-lg bg-accent p-8 md:rounded-xl lg:p-16\"> <div className=\"max-w-3xl space-y-4\"> <h2 className=\"text-2xl font-semibold md:text-4xl\"> {title} </h2> <p className=\"text-muted-foreground lg:text-lg\"> {description} </p> </div> <div className=\"mt-8 flex flex-col sm:flex-row gap-4\"> {buttons.map((button) => ( <Button key={button.id} variant={button.variant} className=\"w-full sm:w-auto\" > {button.text} {button.icon} </Button> ))} </div> </div> </div> </section> )}",
      "description": "[CTA component] designed for [driving user engagement with centered focus]. [Features centered layout with prominent title (2xl to 4xl), descriptive text, and flexible button group. All content wrapped in accent background with rounded corners]. [Responsive padding (p-8 to p-16) and column-to-row button layout adaptation]. [Customizable background styles, button variants, icon placement, and spacing. Maximum width constraint for optimal readability]. [Perfect for newsletter signups, trial offers, or any primary conversion point requiring visual emphasis]."
    }
  },
  {
    "id": 25,
    "vector": [],
    "payload": {
      "name": "PricingYearSection",
      "tags": [],
      "category": "business",
      "path": "src\\blocks\\business\\PricingYearSection.tsx",
      "imports": [
        "import { ArrowRight, CircleCheck } from \"lucide-react\";",
        "import { Button, type ButtonProps } from \"@/components/ui/button\";",
        "import {\r\n  Card,\r\n  CardContent,\r\n  CardFooter,\r\n  CardHeader,\r\n  CardTitle,\r\n} from \"@/components/ui/card\";",
        "import { Separator } from \"@/components/ui/separator\";"
      ],
      "export": "export const PricingYearSection = (props: PricingYearSectionProps) => {const {title, description, plans} = {...content, ...props}; const [isYearly, setIsYearly] = useState(false); return ( <section className=\"w-full py-16 lg:py-32\"> <div className=\"container mx-auto px-4 md:px-6 lg:px-8\"> <div className=\"mx-auto flex max-w-5xl flex-col items-center gap-6 text-center\"> <header className=\"flex flex-col gap-4\"> <h2 className=\"text-3xl md:text-4xl lg:text-6xl font-bold\"> {title} </h2> <p className=\"text-muted-foreground lg:text-xl max-w-2xl\"> {description} </p> </header> <div className=\"flex items-center gap-4 mb-6\"> <span className=\"text-sm font-medium\">Monthly</span> <Button variant=\"outline\" size=\"sm\" onClick={() => setIsYearly(!isYearly)} className=\"px-6\" > {isYearly ? \"Switch to Monthly\" : \"Switch to Yearly\"} </Button> <span className=\"text-sm font-medium\">Yearly (-10%)</span> </div> <div className=\"flex flex-col items-stretch gap-6 md:flex-row\"> {plans?.map((plan) => ( <Card key={plan.id} className=\"flex max-w-80 flex-col justify-between text-left\"> <CardHeader> <CardTitle> <p>{plan.name}</p> </CardTitle> <p className=\"text-sm text-muted-foreground\"> {plan.description} </p> <span className=\"text-4xl font-bold\"> {isYearly ? plan.yearlyPrice : plan.monthlyPrice} </span> </CardHeader> <CardContent> <Separator className=\"mb-6\" /> <ul className=\"space-y-4\"> {plan.features.map((feature, index) => ( <li key={index} className=\"flex items-center gap-2\"> <CircleCheck className=\"w-4 h-4 text-success\" /> <span>{feature}</span> </li> ))} </ul> </CardContent> <CardFooter className=\"mt-auto\"> <Button className=\"w-full\" variant={plan.buttonVariant}> {plan.buttonText} <ArrowRight className=\"ml-2 w-4 h-4\" /> </Button> </CardFooter> </Card> ))} </div> </div> </div> </section> );};",
      "description": "[Pricing component] designed for [showcasing annual subscription plans with monthly option]. [Features centered header with title and description, monthly/yearly toggle with discount indicator (-10%), and responsive grid of pricing cards. Each card includes plan name, price with dynamic calculation, feature list with checkmarks, and CTA button]. [Responsive layout transitioning from stacked to side-by-side cards with consistent heights]. [Customizable pricing calculations, toggle states, button styles, and card gradients. Supports price recalculation on toggle]. [Ideal for SaaS platforms, subscription services with annual discount options]."
    }
  },
  {
    "id": 26,
    "vector": [],
    "payload": {
      "name": "PricingSection",
      "tags": [],
      "category": "business",
      "path": "src\\blocks\\business\\PricingSection.tsx",
      "imports": [
        "import { ArrowRight, CircleCheck } from \"lucide-react\";",
        "import { Button, type ButtonProps } from \"@/components/ui/button\";",
        "import {\r\n  Card,\r\n  CardContent,\r\n  CardFooter,\r\n  CardHeader,\r\n  CardTitle,\r\n} from \"@/components/ui/card\";",
        "import { Separator } from \"@/components/ui/separator\";"
      ],
      "export": "export const PricingSection = (props: PricingSectionProps) => {const {title, description, plans} = {...content, ...props}; return ( <section className=\"w-full py-16 lg:py-32\"> <div className=\"container mx-auto px-4 md:px-6 lg:px-8\"> <div className=\"mx-auto flex max-w-5xl flex-col items-center gap-6 text-center\"> <header className=\"flex flex-col gap-4\"> <h2 className=\"text-3xl md:text-4xl lg:text-6xl font-bold\"> {title} </h2> <p className=\"text-muted-foreground lg:text-xl max-w-2xl\"> {description} </p> </header> <div className=\"flex flex-col items-stretch gap-6 md:flex-row\"> {plans?.map((plan) => ( <Card key={plan.id} className=\"flex max-w-80 flex-col justify-between text-left\"> <CardHeader> <CardTitle> <p>{plan.name}</p> </CardTitle> <p className=\"text-sm text-muted-foreground\"> {plan.description} </p> <span className=\"text-4xl font-bold\">{plan.price}</span> </CardHeader> <CardContent> <Separator className=\"mb-6\" /> <ul className=\"space-y-4\"> {plan.features.map((feature, index) => ( <li key={index} className=\"flex items-center gap-2\"> <CircleCheck className=\"w-4 h-4 text-success\" /> <span>{feature}</span> </li> ))} </ul> </CardContent> <CardFooter className=\"mt-auto\"> <Button className=\"w-full\" variant={plan.buttonVariant}> {plan.buttonText} <ArrowRight className=\"ml-2 w-4 h-4\" /> </Button> </CardFooter> </Card> ))} </div> </div> </div> </section> );};",
      "description": "[Pricing component] designed for [presenting subscription plans and pricing options]. [Features centered header with title and description, followed by responsive grid of pricing cards. Each card includes plan name, price, feature list with checkmarks, and CTA button. Separator elements for visual hierarchy]. [Responsive grid layout adapting from single column to multi-column with preserved card heights]. [Customizable pricing tiers, feature lists, button variants, card gradients, and separator styles]. [Perfect for SaaS pricing pages, subscription services, and product tier comparisons]."
    }
  },
  {
    "id": 27,
    "vector": [],
    "payload": {
      "name": "CareerSection",
      "tags": [],
      "category": "business",
      "path": "src\\blocks\\business\\CareerSection.tsx",
      "imports": [
        "import { buttonVariants } from '@/components/ui/button'"
      ],
      "export": "export const CareerSection = (props: CareerSectionProps) => {const {title, description, categories} = {...content, ...props}; return ( <section aria-labelledby=\"careers-heading\" className=\"w-full py-16 lg:py-32 bg-background\" > <div className=\"container mx-auto px-4 md:px-6 lg:px-8 max-w-screen-lg\"> <header className=\"mb-12\"> <h2 className=\"text-3xl md:text-4xl lg:text-5xl font-semibold text-foreground\"> {title} </h2> <p className=\"text-lg text-muted-foreground max-w-2xl py-4\"> {description} </p> </header> <div className=\"space-y-12\"> {categories?.map((category) => ( <article key={category.id}> <h3 className=\"py-4 text-xl font-bold text-muted-foreground\"> {category.category} </h3> {category.openings.map((job) => ( <div key={job.id} className=\"flex items-center justify-between border-b border-border py-4\" > <a href={job.link} className=\"text-foreground hover:text-primary transition-colors font-medium\" > {job.title} </a> <div className={cn( buttonVariants({variant: 'outline', size: 'sm'}), 'rounded-full cursor-default' )} > {job.location} </div> </div> ))} </article> ))} </div> </div> </section> )}",
      "description": "[Career component] designed for [presenting job opportunities by category]. [Features a scalable header (3xl to 5xl) with title and description, followed by categorized job listings. Each category includes a bold header and list of positions with interactive job titles and location badges. Jobs are separated by subtle borders]. [Responsive container with max-width-screen-lg and adaptive padding (16px to 32px vertical)]. [Customizable text colors, hover states for job links, outline variant badges with rounded corners, and border styles. Supports ARIA labeling for accessibility]. [Perfect for career pages, job boards, and recruitment sections with organized, scannable job listings]."
    }
  },
  {
    "id": 28,
    "vector": [],
    "payload": {
      "name": "BusinessSolutionsGrid",
      "tags": [],
      "category": "business",
      "path": "src\\blocks\\business\\BusinessSolutionsGrid.tsx",
      "imports": [
        "import { Bookmark } from \"lucide-react\";",
        "import { Badge } from \"@/components/ui/badge\";"
      ],
      "export": "export const BusinessSolutionsGrid = (props: BusinessSolutionsGridProps) => {const {badge, title, description, cards} = {...content, ...props}; return ( <section className=\"w-full py-16 lg:py-32\"> <div className=\"container mx-auto px-4 md:px-6 lg:px-8\"> <div className=\"flex flex-col gap-8\"> <header className=\"flex flex-col gap-4 items-start\"> <Badge className=\"rounded-full h-6\"> {badge} </Badge> <div className=\"flex flex-col gap-2\"> <h2 className=\"text-3xl md:text-4xl lg:text-6xl font-bold max-w-xl\"> {title} </h2> <p className=\"text-lg text-muted-foreground max-w-2xl\"> {description} </p> </div> </header> <div className=\"grid grid-cols-1 sm:grid-cols-2 lg:grid-cols-3 gap-8\"> {cards?.map((card) => ( <div key={card.id} className={`bg-muted rounded p-4 md:p-6 flex flex-col justify-between ${card.className}`} > {card.icon} <div className=\"flex flex-col\"> <h3 className=\"text-xl font-semibold tracking-tight\"> {card.title} </h3> <p className=\"text-muted-foreground text-base max-w-xs\"> {card.description} </p> </div> </div> ))} </div> </div> </div> </section> );};",
      "description": "[Business component] designed for [showcasing enterprise solutions and services]. [Features a prominent header with rounded badge, large scalable title (up to 6xl), descriptive subtitle, and a responsive card grid. Each card contains an icon, title, and description on muted background with flexible spacing]. [Responsive grid transitions from 1 column on mobile to 2 columns on tablet and 3 columns on desktop, with consistent 8-unit gap spacing]. [Customizable badge styles, card backgrounds, icon placement, rounded corners, and padding. Supports custom className for individual cards]. [Perfect for presenting enterprise solutions, service offerings, product features, or business capabilities in a clean, organized format]."
    }
  },
  {
    "id": 29,
    "vector": [],
    "payload": {
      "name": "BusinessCardsGallery",
      "tags": [],
      "category": "business",
      "path": "src\\blocks\\business\\BusinessCardsGallery.tsx",
      "imports": [
        "import { Badge } from \"@/components/ui/badge\";",
        "import { Bookmark, BookmarkCheck } from \"lucide-react\";"
      ],
      "export": "export const BusinessCardsGallery = (props: BusinessCardsGalleryProps) => {const {promo, title, description, cards} = {...content, ...props}; return ( <section className=\"w-full py-16 lg:py-32\"> <div className=\"container mx-auto px-4 md:px-6 lg:px-8\"> <div className=\"flex flex-col gap-8\"> <header className=\"flex flex-col gap-4 items-start\"> <Badge variant=\"outline\" className=\"rounded-full h-7\"> {promo} </Badge> <div className=\"flex flex-col gap-2\"> <h2 className=\"text-3xl md:text-4xl lg:text-6xl font-bold max-w-xl\"> {title} </h2> <p className=\"text-lg text-muted-foreground max-w-2xl\"> {description} </p> </div> </header> <div className=\"grid grid-cols-1 sm:grid-cols-2 lg:grid-cols-3 xl:grid-cols-4 gap-8\"> {cards?.map((card) => ( <div key={card.id} className={`bg-muted rounded-md p-6 flex flex-col justify-between ${card.className}`} > {card.icon} <div className=\"flex flex-col\"> <h3 className=\"text-xl font-semibold tracking-tight\"> {card.title} </h3> <p className=\"text-muted-foreground text-base max-w-xs\"> {card.description} </p> </div> </div> ))} </div> </div> </div> </section> );};",
      "description": "[Business cards gallery] designed for [showcasing business services and solutions]. [Features a prominent header with promo badge, title, description, and a responsive grid of cards. Each card contains an icon, title, and descriptive text on a muted background]. [Responsive grid layout adapts from 1 column on mobile to 4 columns on extra-large screens with consistent spacing]. [Customizable card backgrounds, icons, content layout, rounded corners, and padding. Supports custom className for individual cards]. [Perfect for presenting business offerings, product features, service categories, or company advantages in a visually organized format]."
    }
  },
  {
    "id": 30,
    "vector": [],
    "payload": {
      "name": "DesignSystemWebinars",
      "tags": [],
      "category": "blog",
      "path": "src\\blocks\\blog\\DesignSystemWebinars.tsx",
      "imports": [
        "import { ArrowRight } from \"lucide-react\";"
      ],
      "export": "export const DesignSystemWebinars = (props: DesignSystemWebinarsProps) => {const {title, webinars} = {...content, ...props}; return ( <section className=\"w-full py-16 lg:py-32\"> <div className=\"container mx-auto px-4 md:px-6 lg:px-8 flex flex-col gap-12\"> {/* Section header */} <header className=\"text-center py-8 lg:py-16\"> <h2 className=\"text-3xl md:text-4xl lg:text-5xl font-bold\"> {title} </h2> </header> {/* Webinars grid */} <div className=\"grid gap-8 sm:grid-cols-12 lg:gap-10\"> {webinars?.map((webinar) => ( <a key={webinar.id} href={webinar.href} className=\"group grid gap-y-4 sm:grid-cols-10 sm:gap-y-0 sm:gap-x-6 lg:gap-x-8 sm:col-span-12\" > {/* Webinar content vertically centered */} <div className=\"sm:col-span-5 flex flex-col gap-4 justify-center\"> <div className=\"text-xs uppercase tracking-wider text-muted-foreground flex gap-4\"> <span>{webinar.label}</span> <span>{webinar.author}</span> </div> <h3 className=\"text-xl md:text-2xl lg:text-3xl font-semibold\"> {webinar.title} </h3> <p className=\"text-sm text-muted-foreground\">{webinar.summary}</p> <div className=\"flex items-center gap-2 text-primary font-medium\"> <span>Read more</span> <ArrowRight className=\"w-4 h-4 transition-transform group-hover:translate-x-1\" /> </div> </div> {/* Webinar image */} <div className=\"sm:col-span-5\"> <div className=\"aspect-video overflow-hidden rounded-lg border border-border\"> <img src={webinar.image} alt={webinar.title} className=\"object-cover transition-transform group-hover:scale-105\" /> </div> </div> </a> ))} </div> </div> </section> );};",
      "description": "[Educational component] designed for [showcasing design system webinars]. [Features centered title and two-column layout alternating content and images. Each webinar includes label, author, title, summary and 'Read more' link with arrow]. [Responsive layout switching between stacked and side-by-side views]. [Customizable hover effects and image transitions]. [Perfect for educational platforms and course catalogs]."
    }
  },
  {
    "id": 31,
    "vector": [],
    "payload": {
      "name": "BlogPostsGridSection",
      "tags": [],
      "category": "blog",
      "path": "src\\blocks\\blog\\BlogPostsGridSection.tsx",
      "imports": [
        "import { ArrowRight } from \"lucide-react\";",
        "import { Button, type ButtonProps } from \"@/components/ui/button\";"
      ],
      "export": "export const BlogPostsGridSection = (props: BlogPostsGridSectionProps) => {const {tagline, title, description, button, posts} = {...content, ...props}; return ( <section className=\"w-full py-16 lg:py-32\"> <div className=\"container mx-auto px-4 md:px-6 lg:px-8 flex flex-col gap-16 text-center\"> <header className=\"max-w-2xl mx-auto flex flex-col gap-4\"> <p className=\"text-xs font-medium uppercase tracking-widest text-muted-foreground\"> {tagline} </p> <h2 className=\"text-3xl font-bold md:text-4xl lg:text-5xl\"> {title} </h2> <p className=\"text-muted-foreground lg:text-lg\"> {description} </p> <Button variant={button.variant} className=\"gap-2 self-center\"> {button.name} {button.icon} </Button> </header> <div className=\"grid gap-6 md:grid-cols-2 lg:grid-cols-3\"> {posts?.map((post) => ( <a key={post.id} href={post.href} className=\"flex flex-col rounded-lg border border-border overflow-hidden\" > <img src={post.image} alt={post.title} className=\"aspect-video object-cover\" /> <div className=\"flex flex-col gap-4 p-6 text-start\"> <h3 className=\"text-lg font-semibold lg:text-xl\"> {post.title} </h3> <p className=\"text-sm text-muted-foreground\"> {post.summary} </p> <p className=\"flex items-center text-sm font-medium text-primary hover:underline\"> Read more <ArrowRight className=\"ml-2 w-4 h-4\" /> </p> </div> </a> ))} </div> </div> </section> );};",
      "description": "[Blog component] designed for [showcasing featured blog posts]. [Features centered header with tagline, title, description and CTA button, followed by three-column grid of post cards. Each card includes image, title, description and 'Read more' link]. [Responsive grid from 1 to 3 columns with gap adjustments]. [Customizable button variants and hover effects]. [Perfect for blog homepages and content marketing]."
    }
  },
  {
    "id": 32,
    "vector": [],
    "payload": {
      "name": "BlogCardsSection",
      "tags": [],
      "category": "blog",
      "path": "src\\blocks\\blog\\BlogCardsSection.tsx",
      "imports": [
        "import { MoveRight } from \"lucide-react\";",
        "import { Button, type ButtonProps } from \"@/components/ui/button\";"
      ],
      "export": "export const BlogCardsSection = (props: BlogCardsSectionProps) => {const {title, articles, button} = {...content, ...props}; return ( <section className=\"w-full py-16 lg:py-32\"> <div className=\"container mx-auto px-4 md:px-6 lg:px-8 flex flex-col gap-8\"> <header className=\"flex w-full flex-col sm:flex-row sm:justify-between sm:items-center gap-4\"> <h2 className=\"text-3xl md:text-4xl lg:text-6xl font-bold\"> {title} </h2> {button && ( <Button className=\"gap-4\"> {button.text} {button.icon} </Button> )} </header> <div className=\"grid grid-cols-1 md:grid-cols-2 lg:grid-cols-3 gap-8\"> {articles?.map((article) => ( <article id={article.id} key={article.id} className=\"flex flex-col gap-4 hover:opacity-75 cursor-pointer\"> <div className=\"bg-muted rounded-md aspect-video mb-4\" role=\"img\" aria-label={article.imageAlt}></div> <h3 className=\"text-xl tracking-tight\">{article.title}</h3> <p className=\"text-muted-foreground text-base\"> {article.description} </p> </article> ))} </div> </div> </section> );};",
      "description": "[Blog component] designed for [displaying article collections]. [Features header with title and CTA button, three-column grid of article cards. Each card includes image placeholder, title, and description]. [Responsive grid adapting from 1 to 3 columns]. [Customizable card styles and hover effects]. [Ideal for blog archives and content discovery sections]."
    }
  },
  {
    "id": 33,
    "vector": [],
    "payload": {
      "name": "BlogArticlesColumnsCards",
      "tags": [],
      "category": "blog",
      "path": "src\\blocks\\blog\\BlogArticlesColumnsCards.tsx",
      "imports": [
        "import { Avatar, AvatarFallback, AvatarImage } from \"@/components/ui/avatar\";",
        "import { Badge } from \"@/components/ui/badge\";"
      ],
      "export": "export const BlogArticlesColumnsCards = (props: BlogArticlesColumnsCardsProps) => {const {title, description, articles} = {...content, ...props}; return ( <section className=\"w-full py-8 lg:py-16\"> <div className=\"container mx-auto px-4 md:px-6 lg:px-8 flex flex-col gap-8\"> <header className=\"flex flex-col gap-2\"> <h2 className=\"text-3xl md:text-4xl lg:text-6xl font-bold max-w-xl\"> {title} </h2> <p className=\"text-lg text-muted-foreground max-w-2xl\"> {description} </p> </header> <div className=\"grid grid-cols-1 md:grid-cols-2 gap-8\"> {articles?.map((article) => ( <article key={article.id} className={`flex flex-col gap-4 hover:opacity-75 cursor-pointer ${article.className}`} > <div className=\"bg-muted rounded-md aspect-video\"></div> <div className=\"flex flex-row gap-4 items-center\"> <Badge>{article.category}</Badge> <p className=\"flex flex-row gap-2 text-sm items-center\"> <span className=\"text-muted-foreground\">By</span> <Avatar className=\"h-6 w-6\"> <AvatarImage src={article.author.avatar} /> <AvatarFallback> {article.author.name[0] + article.author.name.split(\" \")[1][0]} </AvatarFallback> </Avatar> <span>{article.author.name}</span> </p> </div> <div className=\"flex flex-col gap-2\"> <h3 className=\"max-w-3xl text-2xl md:text-4xl tracking-tight\"> {article.headline} </h3> <p className=\"max-w-3xl text-muted-foreground text-base\"> {article.description} </p> </div> </article> ))} </div> </div> </section> );};",
      "description": "[Blog component] designed for [showcasing featured articles]. [Includes gradient header with tagline, category badges, and two-column grid of article cards. Each card features an author avatar, category badge, title, description, and image]. [Responsive grid switching from 1 to 2 columns]. [Customizable gradients, badges, and avatar styles]. [Perfect for blog homepages and featured content sections]."
    }
  }
]