{
  "classification_system": {
    "industries": {
      "restaurants": {
        "keywords": ["ресторан", "кафе", "блюда", "меню", "кухня", "еда", "напитки", "блюдо", "ингредиенты", "повар", "шеф"],
        "examples": ["ресторан итальянской кухни", "кафе с завтраками", "блюда на мангале"]
      },
      "agencies": {
        "keywords": ["агентство", "маркетинг", "реклама", "дизайн", "брендинг", "digital", "smm", "seo"],
        "examples": ["маркетинговое агентство", "дизайн студия", "рекламное агентство"]
      },
      "saas": {
        "keywords": ["saas", "приложение", "платформа", "сервис", "подписка", "автоматизация", "crm", "erp"],
        "examples": ["saas платформа", "бизнес приложение", "автоматизация процессов"]
      },
      "ecommerce": {
        "keywords": ["интернет-магазин", "товары", "каталог", "заказ", "доставка", "корзина", "оплата"],
        "examples": ["интернет-магазин одежды", "магазин электроники", "онлайн аптека"]
      },
      "local_services": {
        "keywords": ["услуги", "ремонт", "мастер", "специалист", "вызов", "заказать"],
        "examples": ["ремонт техники", "клининговые услуги", "мастер на дом"]
      },
      "automotive": {
        "keywords": ["авто", "гараж", "машина", "ремонт", "техобслуживание", "запчасти", "шины", "мото"],
        "examples": ["авторемонт", "гаражное оборудование", "продажа запчастей"]
      },
      "medical": {
        "keywords": ["медицина", "клиника", "врач", "лечение", "здоровье", "аптека", "диагностика"],
        "examples": ["медицинская клиника", "стоматология", "аптека"]
      },
      "education": {
        "keywords": ["обучение", "курсы", "школа", "университет", "тренинги", "образование"],
        "examples": ["онлайн курсы", "языковая школа", "тренинговый центр"]
      },
      "real_estate": {
        "keywords": ["недвижимость", "квартира", "дом", "аренда", "продажа", "риэлтор", "стройка"],
        "examples": ["агентство недвижимости", "стройкомпания", "аренда квартир"]
      },
      "fitness": {
        "keywords": ["спорт", "фитнес", "тренировки", "зал", "здоровье", "йога", "питание"],
        "examples": ["фитнес клуб", "спортзал", "студия йоги"]
      }
    },
    "intents": {
      "pricing": {
        "keywords": ["цена", "стоимость", "тариф", "пакет", "подписка", "оплата", "платно", "бесплатно"],
        "examples": ["цены на услуги", "тарифные планы", "сколько стоит"]
      },
      "booking": {
        "keywords": ["записаться", "заказать", "бронировать", "забронировать", "резерв", "доступность"],
        "examples": ["записаться на прием", "забронировать столик", "заказать услугу"]
      },
      "contact": {
        "keywords": ["контакты", "связаться", "телефон", "адрес", "почта", "написать", "позвонить"],
        "examples": ["как связаться", "контактная информация", "где найти"]
      },
      "portfolio": {
        "keywords": ["портфолио", "работы", "проекты", "кейсы", "примеры", "результаты"],
        "examples": ["посмотреть работы", "портфолио проектов", "примеры работ"]
      },
      "about": {
        "keywords": ["о нас", "команда", "история", "миссия", "цели", "опыт", "квалификация"],
        "examples": ["о компании", "наша команда", "наш опыт"]
      },
      "services": {
        "keywords": ["услуги", "сервисы", "что делаем", "предлагаем", "специализация", "направления"],
        "examples": ["наши услуги", "что предлагаем", "специализация"]
      },
      "blog": {
        "keywords": ["блог", "статьи", "новости", "полезное", "советы", "информация", "знания"],
        "examples": ["читать блог", "полезные статьи", "новости компании"]
      },
      "testimonials": {
        "keywords": ["отзывы", "рекомендации", "клиенты", "счастливые", "результаты", "достижения"],
        "examples": ["отзывы клиентов", "рекомендации", "что говорят"]
      },
      "faq": {
        "keywords": ["вопросы", "ответы", "faq", "помощь", "поддержка", "решение проблем"],
        "examples": ["часто задаваемые вопросы", "как решить", "нужна помощь"]
      }
    },
    "funnel_stages": {
      "awareness": {
        "keywords": ["узнать", "понять", "что такое", "как работает", "информация", "знакомство"],
        "examples": ["что это такое", "как это работает", "хочу узнать"]
      },
      "consideration": {
        "keywords": ["сравнить", "выбрать", "подобрать", "какой лучше", "преимущества", "отличия"],
        "examples": ["что выбрать", "какой вариант лучше", "сравнить варианты"]
      },
      "conversion": {
        "keywords": ["купить", "заказать", "оформить", "оплатить", "получить", "записаться"],
        "examples": ["хочу купить", "как заказать", "где оплатить"]
      },
      "retention": {
        "keywords": ["поддержка", "обновление", "актуализация", "сопровождение", "сервис"],
        "examples": ["нужна поддержка", "как обновить", "техническое сопровождение"]
      },
      "advocacy": {
        "keywords": ["рекомендовать", "поделиться", "рассказать", "отзыв", "благодарность"],
        "examples": ["хочу порекомендовать", "написать отзыв", "поделиться"]
      }
    },
    "seasonality": {
      "new_year": {
        "keywords": ["новый год", "праздник", "елка", "подарки", "корпоратив", "новогодний"],
        "examples": ["новогодняя акция", "праздничное меню", "новогодний корпоратив"]
      },
      "black_friday": {
        "keywords": ["скидки", "распродажа", "акция", "экономия", "выгода", "черная пятница"],
        "examples": ["сезонные скидки", "большая распродажа", "акционные предложения"]
      },
      "spring": {
        "keywords": ["весна", "сезон", "открытие", "начало", "свежий", "обновление"],
        "examples": ["весеннее обновление", "сезонное меню", "весенняя коллекция"]
      },
      "summer": {
        "keywords": ["лето", "отпуск", "каникулы", "отдых", "пляж", "тепло"],
        "examples": ["летнее меню", "летние скидки", "отпускное настроение"]
      },
      "autumn": {
        "keywords": ["осень", "сбор", "урожай", "тепло", "уют", "комфорт"],
        "examples": ["осеннее меню", "сбор урожая", "осенние скидки"]
      },
      "winter": {
        "keywords": ["зима", "тепло", "уют", "горячее", "нагрев", "мороз"],
        "examples": ["зимнее меню", "теплое питание", "зимние скидки"]
      }
    },
    "personas": {
      "owner": {
        "keywords": ["владелец", "руководитель", "директор", "основатель", "ceo", "бизнесмен"],
        "examples": ["для владельца бизнеса", "руководителям компаний", "основателям стартапов"]
      },
      "marketer": {
        "keywords": ["маркетолог", "smm", "реклама", "продвижение", "пиар", "брендинг"],
        "examples": ["для маркетологов", "smm специалистам", "отделу рекламы"]
      },
      "sales": {
        "keywords": ["продажи", "менеджер", "коммерческий", "торговый", "представитель"],
        "examples": ["отделу продаж", "менеджерам", "коммерческим директорам"]
      },
      "hr": {
        "keywords": ["hr", "персонал", "кадры", "рекрутинг", "подбор", "сотрудники"],
        "examples": ["hr отделу", "отделу кадров", "рекрутерам"]
      },
      "customer": {
        "keywords": ["клиент", "покупатель", "заказчик", "посетитель", "гость"],
        "examples": ["для клиентов", "покупателям", "заказчикам"]
      },
      "partner": {
        "keywords": ["партнер", "поставщик", "коллега", "соратник", "компаньон"],
        "examples": ["партнерам", "поставщикам", "коллегам"]
      }
    }
  },
  "classification_pipeline": {
    "step1": "Extract keywords from query",
    "step2": "Match against industry keywords",
    "step3": "Determine primary intent",
    "step4": "Identify funnel stage",
    "step5": "Check for seasonal context",
    "step6": "Determine target persona",
    "step7": "Generate search filters"
  },
  "query_examples": {
    "restaurant_new_year": {
      "query": "блюда на мангале для акции на новый год",
      "classification": {
        "industry": "restaurants",
        "intent": "services",
        "funnel_stage": "conversion",
        "seasonality": "new_year",
        "persona": "customer"
      },
      "filters": {
        "industries": ["restaurants"],
        "intents": ["services", "pricing"],
        "funnel_stages": ["conversion"],
        "seasonality": ["new_year", "campaign_ready"]
      }
    },
    "agency_pricing": {
      "query": "маркетолог продаёт услуги по рекламе",
      "classification": {
        "industry": "agencies",
        "intent": "pricing",
        "funnel_stage": "consideration",
        "seasonality": "any",
        "persona": "marketer"
      },
      "filters": {
        "industries": ["agencies"],
        "intents": ["pricing", "services"],
        "funnel_stages": ["consideration", "conversion"],
        "personas": ["marketer", "owner"]
      }
    }
  }
}
